{
  "shuffle": true,
  "subset": null,
  "min_freq": 75,
  "lower": true,
  "stem": false,
  "analyzer": "char_wb",
  "ngram_max_range": 6,
  "alpha": 0.0001,
  "learning_rate": 0.05745087644125665,
  "power_t": 0.4870410588859059,
  "num_epochs": 1000,
  "threshold": 0.6922793878461928
}