{
  "percision": 0.9097448979591837,
  "recall": 0.7916666666666666,
  "f1": 0.8160705215890661
}